"","V1"
"Isg15",-0.134423317569095
"Ifitm3",0.0110815828410228
"Rpl35",0.15128024693345
"Rps29",0.0686601891214532
"Uba52",-0.118360839962459
"Mnda",-0.0393677224686808
"Rps28",-0.183009497301749
"Ifit1",-0.00745019341730944
"Ifi203",-0.048319796412604
"Irf7",-0.00633657822842649
"Rpl38",0.0791053629999189
"Usp18",-0.0302406242636034
"Rpl41",0.082864030861162
"Xaf1",-0.036260411734058
"Ifi27l2a",0.0390212658706129
"Mndal",-0.0428777228626213
"Trim30a",-0.0605974438811395
"Rtp4",-0.0196212307639126
"Cxcl10",0.00495216231594924
"Ifi44",-0.0159379042590827
"Ifit3",0.0310329521173468
"Oasl2",-0.0238996047103819
"Rsad2",0.0175116482953123
"Rps21",0.132782212529603
"Rpl39",0.111534680909268
"Iigp1",0.0365538590231547
"Bst2",-0.0509322828242194
"Rps27",0.0267381769380669
"Rpl37",0.130342308076069
"Rpl36",0.0979376227798722
"Hist1h2ap",-0.0321972167474665
"Ifi204",-0.00220061631500797
"Ifi47",-0.0330616286802695
"Atp5k",0.0016625666392592
"Zbp1",0.00259469484377433
"Stat1",-0.000438780652891014
"Tmsb10",0.0790092471504432
"Isg20",0.004408218383809
"Oas1a",-0.0170351352951981
"Serpina3g",0.0271553652476916
"Lsm7",0.0184877398052648
"Snrpg",-0.0363092618199923
"Jchain",-0.00899612412301486
"Rpl37a",0.0831854822637302
"Pyhin1",-0.0234255666392117
"Ube2l6",-0.000271164440126974
"Gm10076",0.055682811748888
"Ifit3b",0.00448344175939135
"Sp100",-0.0140380990377365
"Gm4951",0.0137952912475647
"Igtp",0.0150907915949289
"Phf11b",-0.00532862108631656
"Gbp7",-0.00600248492109538
"Sec61g",-0.0081241503082729
"Cox7c",0.0125903113764282
"Eif3j1",0.0067410756907784
"Oasl1",-0.0178733008738904
"Epsti1",-0.0116914014482594
"Usmg5",-0.00468808973266397
"Cmpk2",0.00361692530662544
"Ifit1bl1",0.0176092923758299
"Tomm7",0.0101643470647074
"Parp9",-0.00195710566498737
"Ndufa3",0.00455835176372819
"Ddx58",-0.00324705496711808
"Irgm1",-0.0237048573894438
"Ifit2",0.00673899856084682
"Gstp1",-0.00462640928818476
"Ms4a6c",-0.00689382545361209
"Mitd1",-0.0252673693164535
"Mx1",-0.00386108794908898
"Eif2ak2",-0.0215751062277186
"Dhx58",-0.00510224302899663
"Ifi35",-0.00537034668778877
"Ddx60",-0.00896237881355066
"Tgtp1",0.005775628157054
"Ms4a6b",0.01497126811869
"Pim1",-0.00759199976030797
"Gm4955",-0.00650279379368164
"Rnf213",-0.030733401789953
"Slfn5",0.00558210802688476
"Oas3",-0.020575934299727
"Gbp3",0.019456431705464
"Tor3a",-0.0202008799139909
"Ifih1",-0.0221105328773535
"2010107E04Rik",0.00469993594027944
"Ly6a",-0.00228016701905446
"Parp14",-0.00466996477752779
"Samd9l",0.0095807044225296
"Tgtp2",-0.0296679137278538
"Trim12c",-0.0148761562013604
"Trim30d",-0.0224345045166676
"Polr2l",-0.00924742242857055
"Herc6",0.0227500101453254
"Gm13822",-0.031487587931218
"Slfn2",-0.00510170366023058
"Bola2",-0.00366446602605338
"Trafd1",-0.0110237643905497
"Lgals3bp",-0.00177857400761169
"Hist1h2ae",0.030845747529222
"Dtx3l",-0.0120437968206965
"Ddx24",0.00264680818064412
"Ms4a4c",0.0242422387902753
"Slfn8",-0.0031148493227757
"Rnaset2a",-0.0725669727806751
"Prss34",0.00980912039034898
"Phf11d",0.0129854664110399
"mt-Nd3",0.0120947765842899
"Gbp2",0.00644515584519441
"Slpi",-0.00090710555815586
"Rnaset2b",-0.0632903499769534
"Ddx21",-0.0251797620875392
"Romo1",0.000739795461204643
"Pet100",0.00152709697958002
"Wdr89",-0.080817019311148
"Wdr43",0.0105097135343966
"Oas1g",-0.010227644178957
"Taf1d",0.00800170212443655
"Hmga1",0.0137026086185465
"Ccnd2",-0.0116714044692478
"Plac8",-0.0065479254472942
"Ly6e",0.0188798180342837
"mt-Nd4l",0.0270890023095798
"Apol9b",0.00213699033087577
"F830016B08Rik",0.00845470919110575
"Gm4070",-0.00754061180158662
"H2-T22",0.0229240118101907
"Trim12a",0.00676801919541135
"Pydc4",0.00766025499526145
"Parp12",-0.00875083829932503
"Sp110",-0.0194646748614145
"Hist1h1b",-0.0368602935044662
"Cox17",-0.0179736779454006
"H2-Q7",0.0689391369516261
"Hk2",-0.0057746091706168
"Ehd4",-0.0148198213280645
"Cma1",0.00228381081538787
"Capza2",-0.00437511936427163
"Trim34a",-0.0066615049959908
"Ube2c",-0.0124268045492947
"AI607873",0.000925787534173103
"1810022K09Rik",0.0149804010450534
"Pgk1",-0.00845312687993698
"Sap18",0.00979294675466583
"Nmi",-0.00861063647949148
"Slirp",0.0155700897101426
"Gm10020",0.016882903765113
"Pydc3",0.0196111867384264
"S100a8",0.00323503912005223
"Cpa3",0.0186836622328398
"Samhd1",0.00763161087897011
"Lgals9",-0.00250017337197256
"Dpm3",0.0109632521590729
"Hist1h4h",-0.0180096226413914
"Pnp",-0.0166848973616024
"Gm8186",0.0209868588519186
"Trim30c",-0.00405812753872305
"Cd74",-0.0148843829728499
"Mcpt8",0.0112849066647574
"Acadl",0.0161086352073998
"Socs1",-0.00387874714103225
"Smim4",0.00956583150220454
"Stat2",0.00992694198946194
"Oas2",-0.000846271873888248
"Daxx",0.00789275685160114
"Shisa5",0.025034997553783
"Usp50",-0.0350266703065414
"Slfn9",-0.0250081267741319
"S100a9",-0.00266392012372175
"Nme2",-0.0473295137675456
"Hells",-0.023433498278226
"Zc3hav1",-0.00841043351543096
"Serpina3f",0.000867031751855342
"Gbp6-1",0.0101972778926123
"9930111J21Rik2",0.00439796893934645
"Znfx1",-0.014649445699487
"H2-Q6",0.0256288980555248
"H2-T24",-0.0034388338007818
"F13a1",0.00108495795995992
"Gbp5",0.00652012682392256
"Nutf2",-0.0476598747875952
"Tapbp",0.00728865439492464
"Tor1aip1",0.00160440951908327
"Mzb1",0.0176826351136285
"Cebpb",-0.000350212583707685
"Nars",0.0202106951617632
"Parp10",0.00049498775267282
"Ms4a4b",0.0106681769886268
"Hist1h2ab",0.00415200245257857
"Casp4",-0.0012783672156498
"Psmb10",-0.0104756878314726
"Gbp9",-0.00607989710637884
"Gzmb",0.017069400831157
"Nudcd3",0.00896302920169668
"AY036118",0.0510920482827968
"Irf8",0.00128580392469417
"Zcchc11",0.000344862766561579
"Psme1",0.0043855886841197
"Irgm2",0.0059188156388772
"Apol9a",0.016926664388716
"AW112010",-0.00312096911796309
"Parp11",-0.00126026464846097
"Apobec3",-0.0107472134298378
"Phf11c",-0.00108416116838303
"Gm4841",-0.0093675148899292
"Ascc3",0.0188091426702695
"H2-T23",-0.00445052759321809
"H2-Q4",0.0289134481243713
"Helz2",-0.0045182517820209
"Pml",-0.00762282320213213
"Tnfsf10",-0.00358883588779138
"Nampt",-0.0102766672007654
"Toporsos",-0.00124000732640057
"Tap1",0.0232802014317655
"Ncoa7",-0.00332405770056566
"Ccdc85b",0.0100598562366497
"Tcea1",0.0150576496541853
"Hist1h4d",0.0140276919501944
"Psmb8",0.0155769622026438
"Ogfr",-0.00118369049722691
"Tcof1",0.00516460607694683
"Usp25",-0.0129346748979239
"Gbp4",0.0100799685613467
"1810009A15Rik",0.000468192280761209
"Atp5e",0.0110860356028795
"BC051226",-0.00162962112396452
"Mki67",-0.0224265767925978
"Ctsh",-0.0063262046556965
"Dcp2",0.000841920566869589
"Abhd2",0.0131481657931355
"Fam98b",0.0226884673952956
"Cd200r3",-0.0156082704814127
"Myeov2",-0.00127683301709161
"Hspa1b",-0.0232361607244066
"Chmp4b",-0.00709231621252116
"Rpl27-ps3",0.0141631751393735
"Tdrd7",0.000343727782300032
"Zufsp",0.00259059481912199
"Uba7",0.00785357980855016
"Pdcd11",-0.00692950214358481
"Fcer1a",0.00514903830458612
"Pld4",-0.0061609194938561
"Ifitm1",0.0220970166923673
"Adar",-0.00591441937745951
"Cd79a",0.032257460958149
"Hspa1a",0.00646820211496299
"Tor1aip2",-0.00316584677238849
"Pnpt1",-0.00332296194177848
"Tbrg1",-0.000331452487842007
"March5",-0.0114344159636381
"Ms4a2",-0.0141324922957416
"Gm12185",-0.000356176117024819
"Plscr2",0.00882811685882549
"Ddx18",0.013827505222148
"Treml2",-0.00793684688390359
"Samsn1",0.00615432885116482
"Setdb2",0.00469459117652981
"Psmb9",0.00362572466850988
"Gng10",-0.0273109017108238
"Ppa1",-0.00374241630690295
"Gadd45g",0.00471234700241311
"Pttg1",0.00359987460986251
"Hmmr",0.00015429778124312
"Cenpa",-0.0275732743458869
"Sp140",-0.0042148638133007
"1600014C10Rik",0.00383417485752398
"Tomm6",-0.0302404546204403
"Cenpf",-0.00532279294872012
"Sdc3",-0.00921143623060726
"Rnf114",-0.010774209019653
"Rps12-ps3",-0.0474155690299573
"Grn",-0.00782558892026714
"Coro1a",0.0125630688446271
"Hmga1-rs1",-0.0253928777221614
"Chpt1",-0.0120537023563684
"Slc25a22",-0.00197762879983734
"Birc5",-0.0162247374972038
"AW011738",0.0242408436645232
"Idnk",-0.00985694515241082
"Snhg9",-0.0269152973650089
"BC147527",-0.0111672790097519
"Il18bp",0.0034449532253884
"Dntt",-0.0121710202663745
"Fndc3a",0.000263952305353163
"Hba-a2",0.0402830161437865
"Etnk1",0.00431269742172926
"Clec2d",-0.00775241245662815
"Ptpn18",-0.00186388013934534
"Trim30b",-0.000765582768841443
"Gm5431",0.0040901933546844
"Vim",0.00589182544156165
"Gpr65",-0.00657969329470475
"Mpeg1",0.0124425320470928
"Map3k8",0.00104385678886161
"Casp8",0.00193643473004468
"Ypel3",0.0003948586259152
"Lars2",-0.0363600096327652
"Mov10",0.0101453867056643
"Fgl2",0.00157098668534489
"Prg3",0.00581997118337122
"Asb13",0.00413131348305395
"Fosb",-0.0195591009906352
"Nlrc5",-0.0174324420337678
"Irf9",0.0118976121040206
"Zcchc9",0.00507078192374476
"Ktn1",0.0187918219667161
"Irf2",0.00420285740200502
"Cdc20",0.0022213585134023
"Ly6d",-0.0149927515949213
"Snx2",0.0100501690853647
"Il18",-0.015242022189669
"Ndufa1",-0.0105990213485802
"Irf1",0.0135390718695403
"Tnfaip2",0.0326433578049056
"Aldh1b1",-0.00485349175979471
"Gm26737",0.00217051731547112
"Aida",-0.011567617195585
"Fbxw17",-0.00106304982905199
"Klrk1",-0.000408765509253773
"Prg2",0.0109492262702703
"Mb21d1",0.00351996909856198
"Id2",-0.0071052809550343
"Ctss",0.00834669510890318
"Rilpl1",-0.00962730829046768
"B3gnt2",-0.00535753720126565
"Ccnd1",-0.000902994898218264
"Csf2rb",-0.00855889765315072
"Plxna4os1",0.0127431028822551
"Ndufa5",0.028593807932864
"Zcchc6",-0.00117429107066035
"Csf1r",0.00778213602884706
"Il2rg",0.0190965707474759
"Enpp4",-0.00381870780988383
"Trim21",-0.0176991298122849
"BC094916",-0.00255341209333886
"Ltb",-0.0101727689640585
"Cox16",0.001199155376654
"H2-Aa",0.00734633763545007
"Hbb-bs",-0.00279497564989408
"Hebp1",0.0056085030444644
"Anapc13",0.00684967444603118
"Agl",-0.0126034085180599
"Psme2",-0.0116097421813605
"Gm2000",0.0045505649870225
"Cenpe",-0.00247037447844945
"Gm15658",8.47434974136191e-05
"Hist1h2af",-0.00579032270973389
"H2-Eb1",-0.00652582058583701
"Clec12a",0.00138474091088343
"Slfn1",-0.00711915806872072
"Dnm1l",0.0107771287744256
"Ap1s3",-0.00610368796038987
"1810024B03Rik",0.00147826383253746
"Hist1h3b",-0.00425200473851384
"Lmo4",-0.0494012916118738
"mt-Atp8",-0.0157859527790418
"Cdca8",-0.0168374621426562
"Dhrs3",-0.00751746331311895
"Rpl9-ps6",-0.0265116272701258
"Hbb-bt",0.0085796184094607
"Pglyrp1",0.0112104713486792
"A530040E14Rik",0.00935789729970848
"Ethe1",0.0030439779507243
"Cyp4f18",-0.0114835417801573
"Gm9774",-0.0244993444687577
"Ppfia4",0.00418323363846476
"Casp1",-0.00576480585240686
"Myo1c",-0.00660945150534784
"Rhd",-0.0152686363937621
"Xrn1",0.000672757746329374
"Snx14",0.0136280822754421
"Pf4",0.0122177611390264
"Loxl2",-0.00282983359115748
"Grcc10",-0.02299186162869
"Tyrobp",-0.0211671540684402
"Car1",0.00191306599602728
"Btg2",0.00542533151763586
"Nusap1",0.0102895271725289
"Ptcra",0.00949992906131199
"Hba-a1",0.0220417312528396
"5730508B09Rik",-0.00303680971820602
"Dynlt1f",0.00553971020559775
"Lgals3",-0.00740418207974787
"Phpt1",-0.0396833140196571
"A730011C13Rik",0.000777035877381945
"Klf4",-0.00763923934827591
"Lgals8",-0.0142846799906601
"Rpl23a-ps3",0.0176189825309558
"Ppwd1",0.00401759647898114
"Pbk",-0.00785593222376959
"Hist1h3c",0.0118548093281484
"Fos",-0.0064094817854863
"Ccnb1",0.00352880935657446
"Tmem258",-0.00390180848175434
"Hist1h2an",0.00827811875139283
"Tuba8",-0.0029382569301833
"Kif23",-0.0072621998493768
"Banp",-0.0244250545989201
"Sap30",-0.0120261140307613
"Ctla2a",0.00793661507183136
"Pkib",-0.00299928797259986
"Rfc3",-0.00454256008788736
"Ccna2",0.0066988784660113
"Olfr56",-0.0154850582132483
"Rpap3",0.00837781022485563
"Mgst3",-0.0161130637129038
"Cdk1",-0.0121138391512727
"Trmt10a",0.00262019734577539
"Fam132a",0.0174947003045205
"Ccl4",0.0129213708268781
"Elane",0.00865600963660155
"Hist2h2ac",-0.000676041329342245
"Ccnb2",-0.00278681498596137
"Ccdc137",-0.00274230616616382
"Rec114",0.0139184235912892
"Vpreb3",0.00634893762048625
"Hif1a",0.00192300781848252
"Psme2b",-0.0121216363921648
"Gm10036",-0.0205475477907163
"Mlkl",0.00451228890808184
"Tpst1",-0.00241286293086007
"Rab26os",-0.00420933061556931
"Csrp3",0.000272344315040483
"Hist1h4c",-0.00340886908632375
"Nmt1",-0.0119815997724371
"Plek",-0.00504677655311197
"Nupr1",0.00877100386296873
"Tmem106a",0.013122451624309
"Gvin1",-0.00577198350196758
"Angpt1",0.0237998780072196
"Trim25",-0.00666902251341815
"Btc",-0.000177937880596067
"Nkg7",-0.0165019961196167
"Kif11",0.00081063752015738
"Plk1",-0.00235711396285837
"Hist1h1a",0.0176146131784588
"Jun",0.020020039013592
"Aurkb",-0.00320124912910331
"Tspan8",0.000330854845482538
"Hist1h1e",0.00927722173610207
"Ckap2l",0.00728458849204489
"Crip1",-0.0109182427939711
"Tpx2",-0.00428102737446799
"Arhgap8",0.00631443948213892
"Racgap1",0.0189237658225732
"Rgcc",-0.0138106288052685
"Atp10a",-0.00174099138820572
"Cxcl9",-0.00183611846387735
"Phf11a",-0.0148122764629454
"Dynlt1a",0.00606747153714698
"Mmd",-0.0028823149972294
"Lbh",0.00426027743216736
"Camk2d",-0.0106517671443534
"Arpp19",0.017379303788983
"Gm6483",0.00146130329535201
"Elovl6",-0.00277007099925907
"4930519L02Rik",-0.00759658019307679
"Dusp28",0.000379419389283292
"Apol7e",0.000146799198754059
"Ctse",0.00584790754856055
"Map2k1",-0.004382723625515
"Cmss1",0.00429721446104598
"Hist1h3e",-0.00937995153726702
"Ccl3",-0.00883426788643703
"Cldn13",-0.00757510755288398
"Ralgps2",0.011381223446039
"Tsc22d4",0.0235661913318258
"Fxyd5",-0.00791233680216027
"Hn1",-0.00328606458095926
"Fcgr1",0.0069890193770073
"Wfdc17",-0.00552521773541127
"Tmem184b",-0.00360918675555747
"Hist1h2bc",0.00126546328582631
"Aurka",-0.00704426398834134
"Scd2",-0.00315039668920473
"Kpna2",-0.0155457551776233
"Usb1",-0.00658934642937223
"Fam46a",-0.00669439499358093
"Trem2",-0.000401982153899819
"Sipa1l1",0.0125532433639679
"Nsmaf",0.0122344734339418
"Kctd12",-0.0116750703785184
"Pin4",0.0240556175691902
"Hist1h3f",-0.0159701890987809
"Fam26f",-0.0150062646800124
"Gm26797",-9.4251420067571e-05
"Rnase12",-0.00361649880785541
"Hck",-0.00109847664293627
"Tmem56",0.0310667349214751
"Ly86",-0.0170839344604028
"Smc2",-0.00385090582984039
"Car13",0.00667206396018356
"Casp6",-0.00652840956168067
"Paqr9",0.000242406625919018
"Timm23",-0.0168362219836957
"Fcor",-0.00244504069521388
"Pdap1",0.00713159192631903
"Padi4",0.00475298685128669
"Bloc1s1",-0.028526062650546
"Tuba1c",-0.0159176224845005
"Tsix",-0.0057934335712058
"Nasp",0.00420270876705995
"9330175E14Rik",-0.000571667533555636
"Stard3",-0.00367480931828286
"H2afx",0.0230345014047335
"Ccl5",0.0147322999306335
"0610010K14Rik",0.000816343416235286
"Pxk",0.00418019873761368
"Timm8a1",-0.00481514800707594
"Fn3krp",0.00101962129063857
"Glrp1",0.00177620273202531
"Cdkn3",-0.00470818962925414
"Ttc37",0.00759128265437587
"Flt3",-0.00917502564855418
"Fcnb",-0.00166126985579517
"Dck",-0.00973930248171021
"Ccdc180",0.0123415052348265
"Ndufaf2",-0.00475331513462844
"Mef2c",0.0112854146430263
"Trim26",0.0106863599962892
"Hist1h2bn",0.0177695891841899
"Nrp1",0.00498847402740067
"Rgs18",-0.0045171997409662
"Il27",-0.0121016774744754
"Il2",-0.0131884013023931
"Nuf2",0.00117857040917662
"Ccdc86",-0.00666350266142703
"Tnfsf8",0.0118483301035377
"Spp1",-0.0145402518257348
"Fbn1",0.00715904069168699
"Lpcat1",0.000775524925382024
"Sqrdl",-0.00228563815644374
"Siglecf",0.0111261337224869
"Trim14",0.0154772696479629
"Hist1h2bj",-0.00200967654877933
"Cx3cr1",-0.00425937417346606
"Tle4",0.00772245920335885
"Dennd5b",-0.0114824901388693
"Hist1h4k",0.00408231336196517
"H1fx",4.5552757201046e-05
"Fcer1g",-0.0446586643218262
"Epb41l4aos",0.0168114620381735
"Dok2",-0.00550524499955403
"Cd69",-0.00659685570939125
"Ccrl2",0.00646041767572716
"Kif20b",-0.00287491401955919
"Mis18bp1",0.00228919113055123
"AA467197",-0.00198238412739576
"Rbm34",-0.0029494933055631
"Dynlt1c",-0.0181410316677367
"Prc1",0.00448623100808617
"Top2a",-0.000102788242095167
"Clec4d",0.00301618947448965
"B930036N10Rik",-0.00889736656609924
"RP23-218K15.3",-0.0100121896406995
"Dph6",0.00752736721933248
"Cnn3",-0.00195885411323552
"Hist1h3i",-0.00795170077801005
"Ly6c2",0.0439559066142192
"Mxd4",-0.00558720515780411
"Atp2b4",-0.00228629174698863
"Ift140",-0.0102857557340258
"Smad7",0.00708287551310572
"Cd274",0.00845008076677944
"Insl6",0.00440937214139619
"Madd",-0.00710037418097964
"Stat4",0.0029171778036512
"Tapbpl",0.000839193591387989
"Nme3",-0.024193370601023
"Cks1brt",-0.0157729422786953
"Suv420h2",0.000249307447565845
"Cdca7",-0.00252328832904275
"Rpp38",0.00475520819244904
"Ccng2",-0.00542788668161091
"Bcl3",-0.00532162959438501
"Gadd45b",-0.000503199713309056
"Acap1",0.000100686683778457
"Gas2l3",0.00787069198473419
"Gm21887",0.00753661651110185
"Hist1h4a",-3.01128779257685e-05
"Rassf4",-0.0192532933082094
"Lmna",0.00668594999959626
"Wdr70",0.0145073978299864
"Arl6ip1",-0.00974192495890886
"Cmtr1",-0.00357608052759064
"Tnfaip8l2",-0.00468915629321901
"Xbp1",0.00101269969204303
"Gm8369",-0.00548838771751011
"Cyp11a1",0.0232201248820959
"Clic4",0.00062864674458466
"Serpinb1a",-0.00153997657738067
"U2af1l4",0.000833973385355904
"Cited4",0.00180698545582394
"5430427O19Rik",0.00613863510345204
"Fcgr3",0.0262414854089416
"Cdca3",0.00205421894946726
"Kifc1",-0.00767330613885113
"Sphk1",-0.00528984605007287
"1600020E01Rik",-0.0121038441698074
"Fam111a",0.00764972463894288
"Gm12216",0.00441207216172863
"Plp2",-0.00139929079925149
"Rnase6",-0.00211476103019095
"Ankfy1",-0.00327217127200279
"Spns3",-0.00116396841810212
"A530032D15Rik",-9.09975941437104e-05
"E130102H24Rik",0.0068676059732978
"Dqx1",-0.0129371439744027
"Herc3",0.00324711596959416
"Lepr",-0.00894133869744733
"Cdc25b",-0.00516087844150189
"Hap1",0.00864159908752725
"Trim56",0.00771428521789418
"Tspo2",0.00911509737591893
"Kif4",0.00485829121451505
"Cenpw",0.00583471660856511
"Gm11697",0.00164661867622717
"Nub1",-0.00393119761869078
"B230307C23Rik",0.004854810239328
"Gm28285",0.0114507839802131
"Marcks",0.00246407293907944
"Tsc22d3",-0.00638394689358278
"Trim59",0.000372692066806218
"Gypa",-0.0139398391084212
"Cpne3",-0.00643596802885846
"Myct1",-0.00737029287755819
"Batf2",0.00477650928639772
"Meikin",0.0113908303077423
"Tac2",-0.00528294872195953
"Adgrg7",0.00306514650148964
"F11r",0.00282538979556243
"Slc26a11",-0.00435276473145035
"Fcrla",-0.00372379799069572
"Cep55",0.00579887697800569
"Rab4b",-0.0197904530710999
"Isoc2a",-0.0137764230686199
"Epb41l4b",-0.00653708686142627
"Gm6904",-0.000297519816864186
"Ankrd49",-0.00186463585711019
"mt-Nd6",0.0123445602180024
"Fam64a",-0.00881094577922201
"Ly6k",-0.00831128822051827
"Tubb4b",0.0246699679228663
"Tcf7",0.0248598443194907
"Tlr3",0.00100339572784138
"Sptb",-0.00439635553062885
"Cox6a2",0.014692398729047
"9530082P21Rik",-0.00807233083614067
"Pacsin1",-0.000598156173913202
"Txndc5",0.0107621365782894
"H2-M3",0.0150417142164066
"Ago2",-0.00842788165567035
"Psmg4",-0.000113835349334326
"Bin1",0.00113054284257938
"Maml3",-0.0108525238875228
"Kif22",-0.00435689971834695
"Armc3",-0.00387974328323731
"Dnmt3a",-0.0209425932288934
"Tsacc",0.00314057892910689
"Gm17275",0.00677807233433319
"B4galt5",0.00646642197308383
"Cd86",-0.00292106660005465
"Btg3",-0.00997095910023572
"Hist1h2bb",0.00829940735818914
"Gna14",0.00217032171051709
"Klrd1",-0.0190386014232444
"Csf1",-0.00365519557444156
"Unc119",0.00257597325464596
"Prkra",0.00657512885950242
"St8sia6",0.000216959104804538
"Susd6",-0.00125042752101662
"S100a4",0.00320409197747813
"Il6st",-0.00602501152863765
"Mill2",0.00188981245106496
"Pvrl4",-0.00518495667937309
"Chil3",-0.00166542953269943
"Cd82",0.00281044108469257
"Pdia2",0.00366831895501388
"Aspm",0.00548360718854432
"Apobec1",0.00477100279482681
"Hist1h2ak",-0.00370509904940108
"Atf3",-0.00151127004313559
"Rab29",-0.00215354590144601
"Tmem178",0.00330502657514096
"Ifi30",0.00716805695870756
"Gpr183",-0.000151903440883623
"Ebf1",-0.000995352889755879
"Gm11772",-0.00303182785948578
"Gm42562",-0.00149581095029784
"Ubash3a",0.00306808975809143
"Abcb1b",-0.00183724672875524
"Crip2",0.00813932320272237
"Lrch4",0.0055216390999416
"Tk1",0.00462108140093061
"Rpl39l",-0.00634766906757771
"Ccne2",-0.0178553151869048
"Ier5",0.00124237592820003
"Egr1",0.00982352062542589
"Epx",-0.0030500939719076
"Hmgb2",0.0413212792856929
"AI839979",0.00420454982841993
"A230050P20Rik",0.000917259559783135
"Clca3a1",-0.00145076575917625
"Ccdc73",-0.00338116956636382
"Fosl2",-0.00776859425317874
"Il15ra",0.00219557476517071
"Wfdc18",0.00733038111271067
"Il7r",-0.00233152374366064
"P2ry14",0.00773926584634318
"Ccdc50",-0.0107146029331638
"Gm15133",-0.0022077501158552
"Itgb7",0.00792114904140483
"Ska1",-0.00751605516748248
"Ccdc163",0.00423681841619753
"Aarsd1",-0.00350842225918746
"Spc25",-0.0128918018789243
"Ctdspl",-0.00240445670848801
"Gm15915",0.0136598991250096
"Rhob",0.000578534467358547
"Psrc1",0.0122648618464799
"Kif20a",0.00566346944079784
"Smg7",0.000948616132336879
"Phkg1",-0.00982638008965427
"Aqp1",-0.0106746952409971
"Klf3",0.00724788247414144
"Aldh1a1",0.00996534409355613
"Alox5ap",-0.00373085658235128
"Gm12999",-0.00542170406922217
"3830403N18Rik",-0.00593447837828701
"Slc15a3",0.00492594789427641
"Gm19412",0.00646339037540777
"Sgol2a",-0.00443709301562429
"Gm14327",-0.00190787337390521
"Gm28578",-0.00482436318904911
"Kif15",-0.000400341722760956
"Slc4a1",-0.0381024379724626
"Tmem140",0.00665308263395872
"Rffl",0.012686496569663
"Narf",-0.0106279810022398
"Ung",-0.00366538409665528
"Ass1",-0.0138762886359618
"Gm26917",-0.0036016442322259
"Lhcgr",-0.00224892156641211
"Ly6i",0.0019384458372562
"Lig1",-0.0241159293011177
"Hist1h2bh",0.000491911557076996
"2900060B14Rik",0.0018218545639265
"Poln",0.00287822761075955
"Mt1",0.0122422902927823
"Hsh2d",0.00121643905468805
"Gm5914",0.0128329093458272
"Gins1",-0.00158489578833677
"Ccl17",0.00471459175842417
"Ccnf",0.00663760071664574
"Limk2",-0.01139249104354
"Slc43a3",0.00343591960409715
"Edem3",-0.00576552882160635
"Ctxn1",0.00243735971162551
"Mboat2",-0.00215840733732323
"Hist1h2ai",0.00447718325945469
"Fam134b",0.00706441543597836
"Zbtb22",0.000326104779035441
"Mcm6",-0.00631589459565437
"Btg1",-0.00685250112716691
"N4bp1",0.001988766253658
"Gm6133",-0.00544261975140606
"Gimap6",-0.0102729842322947
"Fzr1",-0.00229785720463687
"Trib2",-0.00605497135000969
"Hist2h2aa1",-0.00552475668752257
"Cers6",-0.0103996366768455
"Sh2d4a",0.00450466381700694
"Ttk",-0.00577333326431888
"Fcgrt",0.00351855083943934
"Tlk2",-0.00213044975657119
"Rsph3b",-0.00307674290097092
"Zcchc2",0.00374846370203899
"Igll1",0.00162304577156819
"Anxa2",0.00155950026249167
"Ezh2",-0.00953136979894896
"Sh3bp2",-0.00522093328256125
"Arhgap31",-0.0128472613876381
"Camsap2",-0.0019559005912605
"Zcchc7",0.00130298088884743
"Uqcr11",0.0253186874845535
"Ncf2",0.00799713001825864
"Mif",-0.0184182715230126
"Plxnb2",0.00669824708584612
"Chic1",0.0110846114880166
"Gm5111",-0.00486405808888147
"Alox15",0.019014787283777
"Gskip",-0.0093129027079636
"Spns2",0.00175646647174228
"Ndufc1",-0.00530697915255226
"Arhgdig",0.000374996773841511
"1700016F12Rik",-0.00175464179944399
"Chek1",-0.00982747929546918
"Vsir",0.0036000235552791
"Pcgf5",-0.00113229521338959
"Oas1c",-0.00283651238323416
"Larp1b",0.00644904292975926
"Vps25",-0.0124630131051158
"Cd52",-0.0157586303450538
"Tcirg1",0.00315216345191842
"Armc6",0.00817096505795794
"Alox5",0.0095602933330988
"Ino80dos",0.00512055037824608
"Ppm1k",0.00200452178291524
"Stk39",0.00285672013295258
"Mcm5",-0.00173687025383087
"Gsn",0.0115858429198832
"Csf2rb2",0.00288097662283152
"Vpreb1",-0.0383852460405659
"Vwa5a",0.01125597224872
"Papd7",0.00221070881351137
"Fryl",-0.00757046681465743
"Tiparp",-5.88607942308025e-05
"Hist1h2ac",-0.00402254068641185
"Gm7808",-0.00281026916673142
"Tbxa2r",-0.00252455517377274
"9930111J21Rik1",-0.00193157288262967
"Cenph",0.000656831900357458
"Polr3d",0.00672630421813096
"Timp3",0.00088081023605924
"Rapsn",-0.00652739686435399
"Rpl36-ps3",-0.0121781572111285
"Zyx",0.0216886180983606
"Gm43409",0.00611214889144327
"2900026A02Rik",0.00107465484348567
"Trmt11",0.0131327058964836
"Jmjd1c",-0.00249158287469002
"Knstrn",-0.00141893164295223
"Bcl2a1b",-0.00943809135446842
"Sptbn1",-0.00826328019468658
"Agrn",-0.00428485630954866
"Itga2b",0.00434047463638535
"Arsk",0.000644417307673386
"Phc1",0.00314225796056708
"St3gal6",0.01006752444448
"Klf6",0.00991832153429978
"Ranbp2",0.00486486490543501
"Cryl1",-0.00287084838370504
"Thsd1",-0.00760799070629333
"Nxn",0.00448807186475416
"Fads3",-0.000899630980395155
"Kcnab1",-0.00492605712980889
"Rhox8",0.00401569667978822
"Xdh",-0.013297802426579
"Ifitm7",0.00607553851625832
"Arl5c",-0.00715535771445556
"Lsp1",0.00337613457389981
"Mgll",-0.00132138532537427
"Hist1h2bg",0.000462252597458731
"Fam160b1",-0.000283909346381727
"1300017J02Rik",-0.0116882429227913
"Aqp11",-0.00209344119895552
"Cdca2",-0.00107430396323968
"Klf2",0.00784962138241726
"Rgs2",-0.0129630485031051
"Arhgap6",0.00204824057379804
"Trim10",0.00573340842590503
"Ets1",-0.00108390194644694
"Fnbp4",0.0118292507375413
"Ms4a6d",3.3629947199516e-05
"Fam89b",-0.014182067507562
"Pdf",-0.000670006336732697
"Rbpj",0.000788280272707643
"Chek2",-0.00333331860864784
"Ltb4r1",0.000304254574055601
"Chd3os",-0.00146724082010074
"Clnk",0.0142552664197146
"2610035D17Rik",-0.00611141614611333
"Snca",-0.000298156626439814
"St6galnac3",-0.00477319642008248
"Ccr2",0.00399531911663965
"Serp1",0.000408529001428825
"Slamf7",0.0220653228618276
"Derl3",-0.00707204450149877
"Xlr",0.00143244456853595
"Adrb2",0.00838040142672777
"Usp12",0.00160298367769579
"Kif18b",-0.00515395397641181
"Kif2c",0.0193952802388513
"Limd2",0.0126638247455913
"Cdt1",0.00602434417212365
"B430306N03Rik",-0.00555588394159347
"Relb",0.0036151614176661
"Hps4",2.74494791126319e-05
"Foxm1",-0.00104525518608069
"Slc25a38",0.0045844414279445
"Wbscr27",-0.00580239894845607
"Id1",0.00502541051215382
"Lilrb4a",0.00648238506356989
"Cysltr1",-0.00374546342269975
"Gm13203",-0.00755178341183915
"Mettl7a1",0.0067494750216849
"Alas2",-0.00241403616980185
"Slc16a11",-0.00504085281391256
"Gm19590",-0.000485090220669182
"Gm3550",0.00438317121914085
"Mcm7",-0.0440915016047677
"Gm10273",-0.0131670258573954
"Susd3",0.00539122747554156
"Arpp21",0.0170043545618523
"Hist1h2bm",0.00236711585537649
"Hjurp",-0.00435875506915517
"Bub3",-0.00125846950438693
"Lst1",0.0131745038642728
"Cd59a",0.00576317325571381
"Apod",0.00562192044100328
"Myc",-0.0133194168471421
"Marcksl1",0.000218990751826644
"Tctex1d1",0.00887091056410068
"Gm15657",0.0172119741777926
"Rhbdl2",-0.000131007951411825
"Igfbp7",0.00192508590045048
"Kcnip3",0.00426439956926391
"Gmpr",0.00597530620454101
"Mpc2",-0.0199773783508198
"Car12",0.00446959633840403
"Ttll12",-0.00995347861700397
"Hilpda",0.00219412563459633
"Pde7b",-0.00559227672257478
"Dscc1",0.0173179182983997
"Fgf3",-0.00146855657071699
"Tnfrsf1a",0.00296751687044175
"Arhgap15",0.00562473250457273
"Nek2",0.00319539017607673
"Ifitm6",-0.00133040361317575
"Tbc1d31",-0.00386040101344027
"Nmt2",-0.00637601768035876
"Zfp637",-0.0118392839812985
"Pkm",0.0381978841677553
"Lcn2",-0.00221050471008194
"Slc36a1",0.00196717332955064
"Slc14a1",0.00257650609230037
"Fam210b",-0.0135685777936858
"Irf5",-0.0029650449825456
"Thbs1",0.00664126968171872
"Hist1h1d",-0.00467059079659374
"Tmsb15l",-0.00690349851154489
"Unc45b",-0.00524440298128641
"Gsdmd",0.00750290999952912
"Ldlr",-0.00491941407672348
"Cuedc1",0.0086337234871269
"Sh3tc2",-0.00356981131152059
"Chkb",-0.00678151815325888
"Tnfrsf13b",0.0087620478770334
"Itga6",0.00306854485284513
"Itpr1",-0.0189489666582913
"Gm12184",-0.00526747658288952
"Nfe2l1",-0.000737949419179988
"Hyls1",-0.00562303501689944
"Trit1",0.00032987180797693
"Lpcat2",0.0108734873948255
"Sell",0.00741715196919935
"Rnasek",-0.00242135571166134
"Sdc4",0.00104462392274015
"Sdc1",-0.00749168836025242
"Hacd4",0.0034543364669361
"Tmem67",0.0153415762758949
"Sacs",0.00739678719115202
"Scpep1",0.00946590131464529
"Slc15a2",-0.00559757202049593
"Prr11",-0.0115883162844352
"Gm7160",0.00333713408800769
"Lipo1",-0.00323815539208351
"Plec",0.00880393272584871
"Hmga2",0.00372941128830075
"Ms4a3",-0.0222690331684162
"Slfn4",-0.00473005233224107
"Rapgef3",0.00387590806796432
"Gm13166",-0.00219985234896281
"Rsph3a",-0.00206623855075006
"Gm13713",0.000727346227405088
"Gm10263",-0.00901615272280753
"4930599N23Rik",-0.0193166810428481
"Gm26884",-0.00533335191960149
"1700048O20Rik",-0.00454462611883012
"Mxd3",-0.00875860970006963
"Ulk4",0.00410472682761037
"Pecam1",-0.00982469533358852
"Ly6c1",0.00823184726606128
"Trim2",0.0034379337387267
"Lif",0.000259726158284839
"Atp8b4",0.00130168999747873
"Aif1",0.003797447354418
"Creld2",-0.00587996396068098
"Ahcy",-0.000481655371883825
"Kmt2c",-0.00145915473487138
"Eif3j2",-0.0126226979385117
"Adrbk2",0.0039770799203409
"Gem",0.00200903798246871
"Ppard",-0.0120452233736155
"Nol4l",-0.00848436248309365
"Map4k4",0.00142478265527493
"Cd302",0.00804266791188775
"Adck3",0.000736188433360085
"Hist1h4i",-0.0122502535940235
"Slc7a5",-0.00657964842111448
"Slfn3",-0.0100585937419369
"Kalrn",0.000674494184858528
"Psmc3ip",0.00277806924650765
"Sgol1",0.00260373770014742
"Cebpa",-0.00232549326462573
"Tnfsf13os",0.00361816194907769
"Ube2v1",-0.0132671913915962
"Trp53inp1",-0.00169499314470763
"C030034L19Rik",0.0105798252668956
"Gm21807",0.00267180930158008
"Mn1",-0.0187773134963771
"Mrps21",-0.00307732512694507
"Ndufb2",-0.0144584227487918
"4930447C04Rik",-0.00966279992217299
"Rtkn2",-0.00265429624481417
"Cacna1e",0.0138457532903006
"Plcb2",0.00201281477517891
"Gm26722",0.00206337283785418
"Fbxo5",0.0219620395977843
"6720427I07Rik",0.000440934076935644
"Ifi205",0.00216555118386628
"Mxra8",-8.92454795359159e-05
"Hotairm1",0.00292401297755792
"Gm9844",0.00921818699715564
"Itgb2",0.00665687952110805
"Mvd",-0.00256662424898736
"Neil3",0.00714507202089358
"Nrg1",-0.000635796139729556
"Cbwd1",0.00644893213032857
"Tmem71",-0.00680357538680763
"Mga",-0.000447816378130291
"Gm10250",-0.00375193309989827
"Sigirr",-0.00849968714318999
"Gm14305",-0.00341939415172459
"Platr17",0.0149128284858042
"Gm14295",-0.0116534363602592
"Gramd1a",-0.0106216525883548
"Jakmip1",-0.00177366963053549
"Fam110b",-0.00184033272355637
"Serpinb6a",0.00629277498931851
"Tmem259",0.0125619466019411
"Ggta1",0.000652068409002012
"Mvk",0.00353722606896389
"Lat",-0.00266569898395814
"Clec10a",0.00801439784400107
"Prkcdbp",0.00142298622699976
"Gm10146",0.00730625124389857
"Tbc1d8b",0.00575642724357611
"Bub1",0.00158934110700833
"Apitd1",-0.00755105219170539
"Sec11c",-0.0148320145270586
"Mcm4",0.0234173687080093
"Dclk2",-0.00356365387578653
"Olfr658",-0.00127290187193529
"4931428F04Rik",-0.00798644040578849
"Cd163",0.00674200372557418
"Dusp1",0.0173315058929687
"Luzp1",-0.00536135026614723
"Smc4",-0.00619506093164845
"Tipin",0.0132940808188524
"Xlr3b",0.0103068242361401
"Cage1",0.00270569525124137
"Tgm2",-0.00493580336993856
"Bub1b",-0.00740735172934326
"Cpxm1",-0.000728244296831132
"Zfp667",6.21136191988147e-05
"Edem1",0.00116070408925645
"Mpp1",0.00868499399910487
"Gm14403",-0.00170302694037486
"Cdkn1a",0.00701263637212768
"Jund",0.0032315394919597
"Lag3",0.000187404330024377
"Itsn1",0.00675504256779214
"Gbp8",0.0111795299773187
"Ccdc74a",-0.00122167477254546
"Fhl3",-0.010071647207366
"Zeb1",0.00606360015656495
"Fam171a1",-0.0026569975693365
"Ndc80",-0.000125863307211237
"Gm43796",-0.00988100893720999
"Mcm3",0.00652458929233419
"Ceacam1",0.00154883981182508
"Mrgpra2a",0.00960682978591413
"Eng",0.00686046790254894
"Eya2",-0.00295061094359725
"Btnl10",-0.00947032513341802
"Vps37c",0.0019964782896642
"Zfpm1",0.0047179616102636
"Syap1",0.0107268730645226
"Uhmk1",-0.0105958806425482
"Sgsm1",-0.00137398566069221
"Aim1",-0.0029599299469354
"Agpat4",-0.00093158144428199
"Tnf",-0.00127978720907926
"8430408G22Rik",-0.00762969768089318
"Mgarp",-0.00201797904459319
"Car2",-0.0041406871036903
"Fbxl8",0.00275590149002474
"Kif18a",0.0013211396924708
"Pdha1",-0.00404278917346055
"Bex6",0.00981538988040869
"Sestd1",0.00474777504382539
"5033430I15Rik",-0.00268278975469054
"Gm26802",-0.0091872229179945
"Cenpl",0.00470395058246885
"Tbc1d1",0.00325762380941403
"Gp1ba",0.000156884407740221
"Esco2",0.000828581341307142
"Tpcn1",-0.00365411789254062
"1500026H17Rik",-0.0104673636374217
"0610040J01Rik",-0.00699715069792237
"Hyou1",-0.00259225693096284
"Gm16152",-0.00924496115530365
"S100a6",0.00848114217387617
"Gpr34",0.0123716717536007
"Ier3",0.000293917136772765
"Serpine2",0.0124183676245618
"Hdc",0.0127819311623315
"Tpm4",0.0118178813605688
"Mns1",0.00134210856845427
"Cd59b",-0.0106316195467279
"Ldlrad4",0.00294523757617486
"Dus2",0.00625339982068961
"Add3",-0.00875243178523311
"Gm26740",0.00809080354174029
"Pgm2",0.00948004193577925
"Lcp2",0.00334686882949326
"Slc35g1",-0.00305259173735497
"Ncapg",0.010703927041796
"Hpn",0.0126396675465481
"Lemd2",0.00498633761127187
"Tspan14",-0.00709827963687244
"Pqlc1",-0.00606823301071136
"Tgds",-0.0110385430324642
"Gm15856",0.000796480595726157
"Cbfa2t3",-0.0153502895912656
"Cnn2",0.0010753753549966
"Ccr1",-0.00469734627273536
"Sstr2",-0.00266387002470547
"Gm16299",-0.00118088240077707
"Pknox1",0.00164018267404376
"Hemgn",0.00907322146277828
"Slc25a19",0.00738106975923655
"Galnt2",-0.00792569536964526
"Miip",0.0060232350759424
"Pif1",0.0133354010432836
"BC028528",0.00697369508742225
"Depdc1b",-0.00454924369208576
"Zfp668",-0.00268505270483749
"Atp1b2",-0.00805731498569005
"Nudt22",0.00594744399209843
"Tpk1",0.00600608643974542
"Tm6sf1",-0.010955880333367
"Trib3",-0.00192740327554166
"Zfp407",0.0131066678149003
"Icosl",0.0100642049223925
"Ap5s1",0.0029375590062026
"Rpl13-ps3",-0.0122695558396208
"4930402H24Rik",-0.00450108542126498
"Il11ra1",0.00418823011780186
"Col23a1",-0.00309487886107623
"Gm37915",-0.000201893346088139
"Mtm1",0.00642763474773962
"Gm10031",0.0133021442135836
"Rexo2",-0.00223135013053231
"Rnf24",0.00614993613236392
"Prkaa1",0.00239165137150001
"Erbb2ip",0.00172513955016357
"Arhgap35",0.00204947501539216
"Enox2",-0.00135505454775046
"Myl10",-0.00975908835802367
"Gm16867",0.00560699697722395
"Whsc1",-0.000122915068964173
"G0s2",0.00127451191679051
"Mtss1l",-0.00262808731066521
"Gm17259",0.0050127712337457
"Sla",-0.00528471965638996
"Gm16586",0.00941982262457197
"Galnt6",0.00235017631933154
"F2r",-0.00823495286515061
"Cd24a",0.00371322898602425
"Stard10",-0.00574570611797572
"Camk2g",0.00137645922644551
"Lat2",0.000427269475966663
"Dlgap5",-0.000558468134760019
"Gm8953",0.00267914606375232
"C1qtnf4",0.00641054518362599
"Trp53i11",-0.00284821888056997
"Cxxc5",0.0102315105615298
"Noc3l",-0.00685454585471691
"Srpk2",-0.000540254237579092
"Zfp395",0.00829711739163041
"Adamts10",0.00409886443830662
"Muc1",0.00306579930083684
"Itih5",0.0106910732556655
"Gm5611",0.0086165846293763
"Atp6ap2",0.00971093171585568
"Gnl3",-0.00475378926488191
"Tspyl1",3.54867565314021e-05
"Cep162",-0.00909477532034803
"Lamp2",0.0216680927132458
"Gm10269",0.00575586431367591
"A530064D06Rik",-0.00386169418637861
"Gm10094",-0.0133186000990976
"Baiap2",0.00667085928072909
"Islr",0.00743491090034474
"Rbm48",0.0162421888294898
"Napsa",0.0298905240996533
"Txnrd2",0.00651945554843549
"Hist1h4j",-0.0124774084777098
"Cep120",0.00576686783384665
"Zbtb16",0.00817967049855525
"Pde4dip",0.00450161058340006
"Ctsg",0.0533053370771602
"Shank3",-0.0096985813586933
"Ccdc47",0.0125608985386708
"Nudt7",-0.00341988818883574
"Spty2d1",0.00345949930914041
"Ripk2",-0.011484319929308
"Mtmr12",-0.000373450699715696
"Tax1bp3",0.0013988385097261
"Prkci",-0.0117069215451312
"Mef2a",0.00229768819124209
"Gm21988",0.00135689321891984
"Upb1",-0.00596369542955971
"Sirpa",0.00327377379493523
"Hist4h4",0.000837573807709507
"Pold4",-0.00751437518211382
"Adcy3",0.0147550729020625
"Pomt2",-0.000598119900972452
"Rfx7",0.00213572572940424
"Prnp",0.00798069630211119
"Nbeal2",-0.0153232472880878
"Gm21967",0.00616246214651663
"Tnfrsf14",0.00354356011825563
"S100a3",0.00600765609674218
"Zfp932",0.00589863780961157
"Redrum",0.000920355406190712
"Jmy",0.00383711701497842
"Fads1",-0.0047217011197795
"Aqp9",-0.00416270494355658
"RP23-4H17.3",-0.00554986549647306
"Epdr1",0.0044568787354029
"Igf2bp2",0.00861714196997688
"Pigh",0.00353013667120375
"Apoc1",0.00168246760629152
"Hnmt",-0.00355871630798664
"Atp1b1",-0.00480780276361067
"Gm10244",-0.000882370924872244
"Aldh1l1",-0.00453341094170292
"Adck2",-0.0120981887625389
"Depdc1a",0.00178489953852781
"Rps18-ps3",-0.00251184464155114
"Fam129a",-0.000152705127433146
"Il21r",-0.0132307098971445
"Ppfibp2",-0.00808716547879227
"Uqcr10",0.0182116325867385
"Fcgr4",-0.00207667203526107
"Gm16104",0.00877937927672792
"Fam208b",0.00199938218371384
"Mtfp1",0.00179294379624767
"Klhl12",0.00549313355952466
"Mllt6",-0.00923842764954853
"Prss2",0.00582515698248333
"Acsl6",-0.00256935906139752
"4930570N18Rik",-0.00156249593314174
"Ak4",-0.00196660873776452
"St6galnac4",0.00440910395589043
"Mcf2l",0.00102342455495324
"Vps33b",0.00243354523695591
"Tmem121",0.000174476458650466
"Snupn",0.000816829871244278
"Ankrd13c",-0.00747822255151394
"Gm42641",-0.00825413246776693
"Pla2g4a",0.00145420385288611
"Cd33",0.00678329754728078
"Osbpl3",0.00132221075857204
"5830432E09Rik",-0.0169254485548799
"Xlr4b",-0.00458916657076526
"Naip5",0.00665178140051092
"0610009L18Rik",-0.0190885242602237
"Mkl1",-0.0122996831925028
"Ube2h",-0.00468115793628269
"Zfp324",0.00394179048366648
"Anxa5",-0.00511526979534174
"Gm19426",0.00414813082099921
"Abtb1",0.00594539055825504
"Syne1",0.000519590000109249
"Unc93b1",0.0251245614216582
"Arid5a",-0.00530105140705231
"Tceal5",0.000326624261320056
"Lrrc25",0.000919720098548859
"Xrn2",0.0200463709571361
"Cdk20",0.00205083349651712
"Mamld1",-0.00608328843135606
"Bmp4",-0.00751505136059277
"Sept4",-0.0026566315364592
"Dclre1c",0.0035991799621663
"Fam83d",-0.00516631586498454
"Gab1",-0.00907055387675755
"Ehd3",0.00249196588234248
"Kantr",0.0012758459006181
"Scin",-0.0142122894828714
"Nxpe3",0.000554060432294476
"Abca9",-0.00119493458863304
"Sgms1",-0.00568472734034741
"Rmi1",0.00598524991789729
"Gm8797",0.00591361205898293
"Scml4",0.00813551435118081
"Rbm14",-0.00485911690322747
"Gm6712",0.0151169617867067
"Mrs2",6.20043139415567e-05
"Cd53",0.000574826667019142
"Sec14l2",0.00320748865669312
"Gdpd1",0.00477870499877693
"Aven",-0.00600898272465525
"Wdr81",-0.0137888449872263
"Asah1",-7.77134562654647e-05
"Sirt5",0.0149294154001617
"Chd3",0.00726973189341378
"Cdc45",-0.0120966649288485
"Tespa1",-0.000284342162317905
"Sytl1",0.00545528549186049
"Tob1",-0.00255995770965752
"Nrde2",-0.00755805772875969
"Ccr9",0.00870774304351683
"Cdca4",0.0175516457523467
"Arhgap23",0.00718102422654383
"Crat",0.0036762711141513
"Pram1",0.00428994276234156
"Wdr26",-0.000760948890234914
"Plekha2",0.00457455073329737
"Adnp",0.0200798315070318
"Cish",0.00619883363890898
"Anks3",0.00971685093862866
"Slc9a1",-0.0150149827152096
"Cbll1",0.0125661457220735
"Gtf3c2",-0.014710309054232
"Tmem156",0.00343015359909454
"Kbtbd3",-0.0174519918116719
"Wdr5b",-0.00694764743660667
"Meiob",0.0111866202604068
"Klhdc8b",0.00664487493870012
"Ncf1",0.0149062580415825
"Pnpo",0.0109135620595614
"Srd5a1",-0.00646225417831037
"Bpifc",-0.0125458464556924
"Ckap2",0.00436096754810395
"Wfdc21",0.0111244264770053
"Rbm8a2",-0.000912657729641355
"Ankle1",0.00546567358331172
"Gm16225",0.00382897693254092
"Zcwpw1",-0.0112230995096885
"Tanc1",0.00064498893295475
"Slc38a6",0.00737148897367927
"Creld1",0.0107418002988796
"Gm17541",-0.00393341952516337
"Hps5",-0.000415801583482992
"Gen1",-0.00710153107880405
"Wdr90",-0.00377924903239062
"Gnaq",0.00126949709039411
"Igf1r",-0.0086478508481854
"Mrgbp",-0.0022399873471519
"Ska2",0.00354546461078593
"Rtn4rl1",0.00961150758484546
"Cmah",-0.000232249903076854
"Cox7a1",-0.000212934483496946
"Wdr36",-0.00310493869724558
"Nucb2",0.000146410163052802
"Idh1",0.0032644563166247
"Pmepa1",-8.10815683941879e-06
"Phf1",0.00196665198315955
"Evi2a",-0.00729344947647656
"Tuba1b",0.00291932336650024
"Nipal3",-0.00322186841009423
"Cd55",-0.0120821428194251
"Sms",0.0152452061909525
"Cd68",0.00486597626037468
"Neurl4",-0.00993081905961518
"Ccl2",0.0114139818235291
"Pigc",-0.0046210633692999
"Gla",0.00776472072067871
"Gm13075",-0.00906867221564351
"Rab11fip4os1",-0.00244327038102485
"Prr5l",-0.00509350115631366
"AY074887",0.00730705440898268
"Entpd1",0.00726540402136056
"Il5ra",0.00509196285392217
"Ypel5",0.00694857747196629
"Pdss1",0.00338214736994496
"Adcy7",-0.0169604380155252
"Cpa6",0.00344231621664968
"Armcx2",0.00695907726253914
"Gm15396",0.00269917662803791
"Gm26582",-0.00758367098004268
"Eefsec",0.00802793152588371
"Trpv2",0.00369180075090389
"1700055D18Rik",-0.00164939509750472
"Ankrd37",-0.00597123880445471
"Gm26825",0.00218549376374639
"Rasa3",-0.00764341983340467
"Fam213b",-0.0114204709819551
"Scai",0.00131231299511453
"Pdlim7",0.0019329972127288
"Cldn10",-0.00979539822408663
"Dnajc12",0.000511925248349293
"D5Ertd605e",0.000849935595993413
"Tubgcp6",-0.00440806489853299
"Trio",-0.00925422950939875
"Adcy9",0.00670776803833341
"Gm33370",0.000279415505484252
"Tmem79",-0.00266290721823456
"Lnx2",-0.00503822673627773
"Wdr45b",-0.000803849167777479
"Socs3",0.00485546808515381
"Cndp1",0.00613706657137764
"Med13l",-0.0025165084689136
"Nexn",-0.00125840202512362
"1700012B09Rik",0.00864873057534733
"Esr1",-0.00465102280319842
"Gm9828",-0.000467042502070847
"Litaf",-0.000276971860924488
"Rbm11",0.00680595102462473
"Gcdh",0.00309050944116259
"Cxcl12",-0.00595020536289521
"Erap1",0.00857032764283956
"Rab3il1",0.00324854562784269
"Fam49a",-0.00459227299917655
"Hes1",0.00993467768843487
"Vnn1",0.00478308448654619
"Glipr1",0.00398882461756568
"Prkcz",0.008849231629535
"Smtnl1",-0.00402793671530655
"Cbx8",-0.00558858522878861
"Ehbp1l1",0.00315715461780097
"Mon2",0.00336700652599517
"Rbl1",0.00205422472145073
"Rfng",0.0063388763422216
"Arid5b",0.00784070657951126
"Ccdc107",-0.00153817494295724
"Igf2r",-0.0106753390443062
"Plpp1",-0.00488686971775013
"Lockd",0.023194006973802
"Tuba1a",0.0113515633161681
"B230208H11Rik",0.0102317681409716
"Slamf1",0.0017555809739769
"Bicd2",0.00507408044451616
"Fhod1",-0.00667121710769151
"Gm12689",-0.0066748351319497
"Gm27017",-0.0016896766772612
"H2-Q10",0.00134943850129681
"Itm2a",0.000923072302836489
"Il1rl1",0.00609284518956988
"2810417H13Rik",0.000810670835284314
"Ptdss2",0.00510385124562321
"Zfp629",0.0062290455518943
"Tinagl1",-0.00379430555284944
"Slc22a4",0.000399353031929537
"Polq",-0.00521895936156769
"Sort1",0.00845305355880442
"Rab19",-0.0133234787005316
"Kcnk12",-0.00263277980861871
"Ttc38",0.00125189258970742
"Gm27253",-0.00747581809186453
"Lypd1",-0.00767102881773712
"4833407H14Rik",-0.00193730593683615
"Evl",0.00225369698103682
"Hist1h2ad",-0.00672188401779837
"Rab23",-0.00133261493277986
"Pccb",0.00610864269454404
"Spon2",-0.00126457816717681
"Erg",-0.00484089113326522
"Spag5",-0.00209314993383679
"AC125149.3",-0.0054728321576691
"Enpp5",0.00968756731983012
"Dhx15",0.00154027952640351
"Gm28857",0.00750193246909977
"Arid1b",-0.00196770001746722
"Rgs12",0.00871949791524466
"Gm10384",0.00357823588713842
"Fam160b2",-0.00273192897835923
"Stat5b",-0.00175377847050382
"Mcmbp",-0.0131641620104106
"Pdzk1ip1",-0.00133718801333479
"Hdac8",0.00229311761415877
"Tmbim7",0.00393109185822574
"Treml1",-0.0026057957065758
"Sos2",-0.00524983557509915
"Rufy4",-0.00776739483880104
"Gpsm2",-0.00132900531986592
"Alg3",0.00434087797818111
"Kifap3",0.00913876687597462
"Gm5148",0.00447241586320273
"Tfeb",0.00113938902655423
"Chaf1b",0.0126110960335238
"Ctps",-0.00191411909899939
"Tmco1",0.0106495142553627
"Umps",-0.00736151137231889
"B230398E01Rik",0.0101941941195874
"Vat1",0.0133813705720274
"Gm16194",0.00241815810809171
"Rabepk",0.00152463714146701
"Cd3d",0.0461980372680092
"Otud1",0.00160627312562422
"Prrg4",0.00321463715786434
"Rom1",-0.00820343816372024
"Ndrg1",-0.00423813708777684
"Pik3r6",-0.0063906575914251
"Triobp",0.00132123885085284
"Gm11770",-0.00555369499289337
"Golga3",-0.002122916715914
"Gm26510",-0.00113714579520706
"Smarcd1",0.00689198899429392
"Idi1",0.00686397309459154
"Dock1",-0.00287909376140094
"Psma8",-0.00987571355354637
"Lmbr1l",-0.00539800174495508
"Aldh6a1",0.00447495792191442
"Zfp455",0.00156042153790052
"A630012P03Rik",0.00654939209568613
"Tlr7",0.00488279625405293
"Cybb",0.0112192337239919
"Tnfrsf17",0.00182285872208053
"Phlda2",-0.00434102446202284
"Gp5",0.0168244541112274
"Crlf1",-0.0039736784865656
"Ldhc",-0.0131290951327379
"Ankrd33b",0.000992379294227164
"Ache",-0.0108655394466476
"Flywch2",-0.00618166552003391
"H2-Ob",0.00550719149842296
"Rhox5",-0.00731453140313266
"Fam174b",0.00879097227166934
"Dusp22",-0.00124718395026334
"Cetn4",0.000210425412308858
"Arl5a",-0.00406228632937149
"Ap3b1",0.00753652123964742
"Cradd",-0.00448481295364987
"Hgs",-0.00829670013534899
"4931422A03Rik",0.00295064660791403
"Mfhas1",-0.0110730168772964
"Gm19684",0.000429172241642763
"Blnk",-0.00707949977154985
"Rell1",0.00148130728060482
"1810062O18Rik",-0.003182930446463
"Il7",0.00571690349236801
"Gm29340",-0.000708194798764815
"Pbxip1",-0.00475052991752382
"Lrrc1",-0.00208516683994655
"Stk32c",-0.00853023885596396
"Arrb1",-0.0158324366244629
"Cds1",-0.00440647727158832
"Pde2a",-0.000294533458600055
"Pkp3",0.00616858963537623
"Nr1d2",0.0120012869575751
"Ank",-0.010140488790788
"Gm19331",0.00181333875495886
"Gm26522",0.00189434138018234
"Fn3k",-0.00662372015663278
"Gm14322",-0.0116545338810104
"Tnni2",-0.000579718233344737
"Apol10b",0.00164109944906735
"Paqr5",0.00461529300373484
"Mecom",-0.00431883376831198
"Fnbp1l",0.00886170564420715
"Pld1",0.0105796663707056
"Bfsp2",0.00723617159093166
"Afap1",0.00345954470093461
"Hist2h3b",-0.012233853285385
"Bcl11b",-0.000501148933969315
"Hid1",0.00634567262981238
"Icos",-0.00552606937870577
"Gm26637",-0.0115810251436444
"Art1",0.00819074390220154
"Gm26767",0.0065735213479269
"Lekr1",0.00305943526242283
"Acp5",0.00313848280113499
"Cdk5rap1",-0.00281643838401018
"Ccl9",0.000132746052218463
"Enah",-0.000412405126811822
"Itm2c",0.00794848080995376
"Pdzph1",0.000662095265102637
"6330403L08Rik",-0.000120232568243948
"Ccdc117",-0.00541602169937597
"Cfp",0.00736573638825114
"Nfkbie",-0.000851220550994929
"Nat2",-0.00156433696655214
"Rnf125",-0.00296699065859367
"Trim16",0.00679443166849924
"Ift46",-0.00602499992278994
"Pde5a",0.000388588586384851
"Hist1h2al",-0.000744995958737819
"Rab27b",0.00577572252189696
"E2f7",-0.00785631896153274
"Amica1",0.0069126576569453
"4931406C07Rik",0.00841614208470602
"Lmcd1",-0.00702085369155743
"Ip6k1",-0.00542285281217275
"C730034F03Rik",0.00883694393692928
"Mirt1",0.00176016155975408
"Rbpms",-0.00502749539059935
"Trim5",0.0170715117056734
"2310040G24Rik",-0.00903433191479154
"Akt3",0.0124421942697046
"Efcc1",0.000724773165288631
"Klhdc10",0.00638116207160189
"Arhgef39",-0.00128769578221155
"Gm20707",-0.00310686525152724
"Rnf139",0.00575784575516343
"Rnf31",-0.00153609027629836
"Helz",-0.00687889082478619
"Nanos3",0.0056440317979398
"Nphs1",-0.00097905747258923
"Pspc1",0.0118154046676393
"Gria3",0.00282466905591523
"Gns",0.00694713136209703
"Haao",-0.00953376228329649
"Cenpk",0.00796634036583633
"Hpse",0.00434079305456462
"Calml4",0.00258391692427698
"Mbd6",-0.00281446931245669
"Lpin1",0.00686307362866519
"E430018J23Rik",0.0073764444934939
"Sdpr",0.00338575824682373
"Ldah",0.00230403292271522
"0610043K17Rik",0.000234425011283129
"Clec1a",-0.00906705475245181
"Pcyt1b",-0.00104026447675221
"Gm26625",0.0074662047474904
"C230035I16Rik",-0.00258670805390476
"Wipi2",-0.000597730007088601
"Ybey",-0.000894086613900377
"H2-DMb1",0.00559249507371995
"Cc2d2b",-0.00407597036482656
"Cnksr3",0.000701299317112848
"Milr1",-0.00497785539569159
"Fut7",0.00484489502883284
"Epcam",-0.00500466417607458
"Fam46c",-0.0109756454877341
"Pear1",-0.00901701493758652
"Rpusd4",0.00584262121005615
"Hist1h3d",0.00189899576076331
"Hist2h2be",-0.00122777492046942
"Pdlim2",0.00412696721967797
"Gkn3",-0.00363077490880796
"Sapcd2",0.0181605599740177
"Rbm47",-0.00407914872210421
"Srebf2",0.00731360805407448
"6330403K07Rik",-0.0161109407535528
"Il3ra",0.00996484093823673
"Crygn",0.00180154115818307
"Tcf19",-0.0017634607428274
"C2cd3",0.00204577508592284
"Snx15",0.00506106642317007
"Gtse1",-0.00238611151621715
"Vps45",0.00951702455081294
"Lrrc46",-0.0055646878885166
"Fam3b",0.000500550778966386
"Hook3",0.00186980262221436
"Nme7",-0.00333583930441386
"Mthfs",-0.0188378235523164
"Ska3",-0.00619746391518081
"Edem2",0.0028240939774278
"Lgals1",-0.00463728463337108
"Tprgl",0.00772986620629993
"Arg1",0.0122599679540779
"Lck",-0.00328775801066735
"B230369F24Rik",0.00297311504858476
"Lrrc57",-0.00724193289068204
"Tcp11l2",0.00951244219236709
"Gm26664",-0.000764890449590812
"Nek6",0.00444235730257069
"Gpam",0.00538938374104081
"Mtrf1l",-0.000216628641015767
"Zbtb7b",-0.0150579407120175
"Clcn2",-2.16042473316938e-05
"Ect2",0.00208884242713368
"Cog3",-0.00941862902568821
"Kmo",0.00792653779848819
"Ccsap",-0.00438290027870708
"Gng3",0.00418378016996346
"Ifit1bl2",-0.0204789672490176
"Zfp953",0.00119713556544305
"Cep89",0.00508389257384619
"Fam168a",-0.00780753143109243
"Met",-0.00424213088429166
"Ankrd46",0.000632949319298833
"A330017A19Rik",0.00131282071921739
"Ifi27",-0.00343756145628873
"Xrcc2",0.0168557101775002
"Cntd1",0.00265693522288943
"Syt11",-0.0042838544817039
"Rin3",0.00550157508937703
"Gm12454",-0.0141437729265504
"Slc45a3",0.00760487151940336
"Zfp850",0.00381503448990415
"Taf9",5.0610525498116e-05
"Lair1",0.0070098241292462
"C330021F23Rik",0.000573092044218071
"Rusc1",0.00207927308133046
"Ces2g",0.00220223170885089
"Dennd2d",0.00490384235690418
"5031414D18Rik",-0.0129702816100556
"Prps1l3",-0.000273335835971585
"Dapl1",0.0460504310329321
"Nradd",-0.00334483492329841
"Syngr1",0.00120927938429416
"Gm26518",0.00108117599881337
"Tmprss7",-0.00223567925935953
"Snap47",-0.000928804287005054
"Amigo1",-0.00196510244176408
"Meg3",0.00292366921097885
"D230025D16Rik",-0.00245398776086465
"Rassf2",-0.0109844099769744
"Gimap1",0.0107801470752398
"Mrvi1",-0.000786397942048782
"Wfdc2",-0.00966089226206839
"Ptms",-0.00428465779610412
"Aacs",-0.00492110195535706
"Dus3l",0.00434857213646829
"Gm42469",-0.0122109412978862
"Adamts13",-0.0055333384339459
"Stk3",-0.00462525789884332
"Scarb2",-0.00292293455159711
"Plbd2",0.000223270816482263
"Tle2",-0.00311876835388768
"Lemd3",-0.00372741588522587
"Rarg",-0.00477698981426996
"Piwil4",0.00546136547986943
"Gch1",-0.0171467962642699
"Armcx1",-0.000249245487285942
"Ucp2",0.0184659462509769
"Nagk",-0.00737822351673012
"2010109A12Rik",-0.00675269231073585
"Oaz2",0.0112090448233051
"Plod1",-0.00374940377844857
"Trove2",-0.00297529562174914
"Dubr",-0.00221417890143007
"Aldh1a7",-0.00709158808722442
"Ddx26b",-0.010314226888887
"Hivep2",0.00503011904867177
"Zfp580",0.00275112787926732
"Adgrl4",0.0055209973931324
"Ogt",0.0154479565527708
"P2rx4",0.0123714809872759
"Tox2",-0.0121508360832913
"Lix1l",0.00506021324593333
"Bola3",-0.0065574940387271
"Nynrin",0.00595875436522705
"Sept8",-0.00558223947002832
"Gm14167",0.010847129990143
"Gp9",0.00292736199331163
"Exoc6",0.00468660003977023
"1700024P16Rik",-0.0157893501924772
"Incenp",0.0104564316751758
"Magi2",0.0114844053171143
"Gm42517",-6.87598124585019e-06
"Mgat4a",-0.0084434864619454
"Nefh",0.00523843349175412
"Chst10",-0.0121568184191506
"Map2k6",0.0040683593784445
"Zfp592",-0.00268820200641058
"Dscam",-0.0080785407800838
"Lrrc48",-0.00585533205325457
"Slc5a3",0.00662407453684911
"P3h3",-0.0157448529874075
"Lyst",0.00825292740854286
"Xlr4a",-0.00552059596288459
"Arap1",0.000733075750887819
"Golga4",-0.0118499224120225
"Atad3aos",-0.00428392214919659
"Whsc1l1",-0.00352120990697615
"Depdc5",-0.00228391096823602
"Tmem108",-0.00546493980580596
"Fam134c",0.00838312758704638
"Tdp2",0.00337618927134152
"Tom1l2",-0.00297010909048586
"Kcnj13",0.00112762824895178
"Slc25a20",-0.00461675317106948
"Gpc6",0.00291983477243919
"Cd164",-0.00132294056704801
"Mttp",-0.000922711215333593
"Hist1h3g",-0.00740281413588981
"Gm26935",-0.00417554413616498
"Exog",-0.0125325267466178
"Fbp1",0.00347185506206631
"Nsmf",0.00888101186165817
"Accs",0.0153167221044372
"Pnp2",-0.00973070544166991
"Inpp1",-0.0097170528629922
"Entpd5",0.00389847478177009
"Specc1",-0.00124451655970722
"4930548H24Rik",0.0114059343012216
"Mmp24",0.00529501319603805
"Dnal1",-0.0154570765017831
"Whamm",-0.012900352989758
"Sipa1l3",-0.00607064048696282
"Tnfrsf23",0.00442227464265503
"Mutyh",-0.00380060896523357
"Gchfr",-0.00919895620419324
"Rdh12",-0.000258939553941796
"Irgq",-0.00023307361491047
"Grb10",0.00764319494132171
"Traf7",-0.00190628639839455
"Smox",-0.00159662232601744
"Asb6",0.00647755175556223
"Arnt",-0.00457346853689731
"Gadd45a",3.87578786992975e-06
"Lrrc75aos2",-0.00397042596170102
"Car5b",0.000999279090179059
"Stx2",0.0054267027847197
"Tmem14a",-0.00598877749495578
"Rps6kb2",0.0118408575548454
"Mir17hg",-0.0063652418701274
"Etohi1",-0.0026192279427386
"Arl11",0.00302720330064923
"Vps37a",0.00603141545026853
"Aim2",0.0136185606616498
"Melk",-0.00516601662693407
"Neb",0.00859003676675563
"Pstpip2",0.00117104964041355
"Syne3",0.00951438766761535
"Apobr",0.00128864691493204
"Tmem100",0.00373441224115752
"Gm13251",0.00424415904356031
"Adgre1",0.00737616306229196
"Ckb",-0.013572989796569
"Gxylt1",0.0107110741429146
"Dapk2",0.00131619238189087
"Olfr433",-0.00536052381935102
"Sept11",0.00436707568169962
"Hist1h4m",-0.00588247401941091
"Amigo2",-0.00382598326612439
"Abhd14a",-0.00547424956912376
"Afp",-0.0103742653953695
"Nde1",0.00794926474791972
"Cdca5",0.00137138785630627
"Ccdc122",0.00599354687040516
"Akr7a5",0.00937890037950697
"Platr25",0.00525449348176216
"Samd11",0.00562489180558149
"Hdgfrp3",-0.0120542282993302
"Nsg1",-0.00116605602505906
"Gata1",-0.000273880012237659
"A230046K03Rik",-0.00174132922787942
"Cp",-0.00286243368162362
"Snx13",0.00403177742482212
"Taf4b",0.00622336765156031
"Per3",-0.00116466199167245
"Hmgn3",0.00760090589481433
"Dopey2",-0.0156751257960565
"Gm43254",-0.00519925164945427
"Hist1h1c",0.0207335682865384
"Bmyc",-0.0178739792576485
"Hipk3",-0.0116008200145759
"Zc3h6",0.0102392176776883
"Scly",0.00503194186896578
"Sla2",0.00557101097348082
"3110083C13Rik",0.0104971500800109
"Dnah12",0.00442170180697357
"Fhl1",-0.00867152437508865
"Acbd4",0.00647065285290512
"Lrrc45",0.00466725233562627
"Stk10",-0.00838950907227401
"Gm28347",-0.000154282769761215
"Spata6",0.0155404681788803
"Them7",0.0101600193682512
"Zbtb4",0.00580115298594158
"Cdk19",-0.00494849284829877
"Gm38399",-0.00603580372119453
"Cdkn1c",-0.00646465231954086
"Rad1",-0.00176939133896979
"Pogz",0.00278249377447323
"Grasp",-0.00282093808982485
"Atg4c",0.00175049578113861
"Art3",-0.00552945449212442
"Fn1",0.0005704385351602
"Zyg11b",-0.00822195299555968
"Grk4",0.01521667471509
"Cntnap1",0.00417581675445297
"Gzmm",0.00364080502240508
"Hdac5",0.00253040290311883
"Gm13274",0.00265174196070454
"Izumo4",0.00939089709332125
"Acsf2",0.00557406917973935
"Tgfbr2",0.0076357204092531
"Gm26670",-0.00399879384892547
"Hoxb4",0.00409667570825638
"Themis2",-0.00678048347826499
"Pex1",0.00116866456918675
"Gpr180",0.00224053066133982
"Zscan22",0.00317524539258914
"Insr",0.00710748578365459
"Lhfpl4",-0.012608671578713
"Acyp2",0.00759839539168782
"Pla2g15",-0.000465961910604677
"Zmat3",-0.00618981196920126
"Tecpr1",-0.0116621831633152
"Lclat1",-0.00769207017474407
"Cpn1",0.00424524134707265
"Fam73a",0.00418611323023039
"Noxo1",-0.00195770079588369
"Slc12a2",0.0037568848045312
"Palb2",-0.00348737529793593
"Eps15",0.00102250063100563
"Tpgs1",-0.00679581272981787
"Rap2a",-0.00764625398785048
"Dgat1",0.00774108738131082
"Fdps",0.00861765457112154
"Prim2",0.00411008291043682
"Gm26853",-0.00844062118633621
"Zfp599",0.00641876380846026
"Phf2os1",-0.00375933999096588
"Snx20",-0.00153353902016792
"Zc3h10",-0.000495985659564204
"Osm",-0.00055623747500507
"Sec22c",0.00111729678268535
"Mipol1",-0.000444093707414021
"Eaf2",-0.00106592145957248
"Gml2",0.00186523995814921
"Rhag",-0.0105971282129851
"Gm28731",-0.00248533563622917
"Gm6793",-0.013750239111457
"Gm20522",0.000164978515543246
"A130051J06Rik",0.00942658569137674
"Dbf4",0.0131745588874988
"Susd1",-0.00601437771386737
"Cds2",-0.0118868982925205
"Pex16",-0.011438024163081
"Mrpl53",-5.39111648632333e-05
"Gbp10",-0.00190067632385088
"Tmem40",-0.00281893499880054
"Gm14325",0.00289835755249663
"Gm13710",-0.00535826700983837
"Cdc25c",0.00325230679701151
"Arap3",-0.0148473058622964
"Slc22a18",-0.00177549168242238
"Rec8",-0.0117436155466313
"Arhgef40",-0.00987440661556266
"Espl1",-0.00691126673622352
"Hist3h2ba",-0.00394254402380062
"Gm15834",-0.00198866095256634
"Gphn",0.00850015653255824
"Map2k4",0.00259795389528022
"Tmem192",0.00314794502746902
"4732471J01Rik",-0.00303026154042513
"Acot2",0.0143652080705641
"Rfwd3",-0.00283845759123022
"Sec24b",-0.00997307057675998
"Acp2",0.00244594256923059
"Slc38a5",0.00452826723502154
"1500015A07Rik",0.00130389725254674
"Trmt61a",-0.00779856860939777
"Mvb12a",0.00467497469690456
"Ptgds",0.00136448414568581
"Evc2",-0.00390312140228573
"B230312C02Rik",0.0030347773215048
"Eif2s2",-0.0154611552275725
"Tmem86a",0.00542744664971562
"AA474408",0.00858785475190795
"Gins2",-0.00776087372237394
"Bcl2",-0.00767086301364019
"Frmd8",-0.0143528882580589
"Gm13212",-0.00197479252089907
"Knop1",-0.00121223759610826
"Hnrnpu",-0.0168840728111404
"Mybbp1a",-0.00276987134496277
"Nmral1",-0.00822141810133458
"Gm15013",-0.00282911958213432
"Ehhadh",-0.00470285000945833
"a",-0.00300957401164324
"Gm16124",-0.0104500400328058
"Slc25a42",0.000511144970314633
"Ulbp1",0.000107345813608215
"Ldhb",-0.0146762885675434
"Aqr",0.0067650404678986
"1700041G16Rik",-0.0063488678083915
"Kif7",-0.000325468079698112
"Cecr5",-0.013402181537942
"Hspb1",-0.00678038585989617
"A130057D12Rik",0.00220940302439028
"Sgce",3.86887621206962e-05
"Krt18",0.00188963234722873
"Clec14a",0.00296691051602995
"Mex3b",0.0133883598475312
"Ninl",0.00454190564425913
"Mtmr2",-0.00404435083084982
"Rars2",0.00364684559963936
"Uhrf1bp1",-0.00456319999342625
"Gm1070",-0.00437778480495352
"Slc35f6",-0.00420858251811494
"Zfp365",-0.00419142040977143
"Ica1l",0.00728270548284298
"Syce1",0.000897179406184444
"Mroh1",0.00274945886330525
"Klre1",0.0203031636361412
"Skap1",0.00795418276717927
"Mansc1",0.00301663179621266
"4932422M17Rik",0.00308359832197017
"Nptxr",0.00497276550637165
"Obfc1",0.00337999408616307
"2310074N15Rik",0.00230508717398353
"Prrg2",0.00488520127234869
"Sec24c",0.000769899502232319
"Add2",0.0121106735858958
"Cib2",0.00338179756394088
"Scd1",0.0079480522985127
"Ap1s2",-0.0105204273524502
"Mycn",0.0185080354025418
"Zdhhc2",0.00855502650684633
"Serpinb6b",0.00670295781346575
"Rnf26",0.00539611022362067
"A430078G23Rik",-0.00468636382553737
"Zfp202",0.000891092335035619
"Hist2h2bb-1",-0.00518117542682509
"Tmem86b",-0.00473256904361275
"Chtf18",0.00188422184522116
"Gdap10",-0.000165377187703874
"Gatsl3",-0.00230406189734912
"Klf7",0.0103936155869715
"Calr3",0.000623120999027863
"Gm867",-0.0041124139692613
"Ropn1l",0.00258753263378433
"Rai1",-0.0117412965379073
"Sparc",-0.0101091539318567
"Gfi1",0.00418803932654944
"Lpar4",0.0067326610812031
"Fkbp1b",-0.00224557873991651
"Hnrnpa0",-0.0036071225673333
"Gm15892",0.00843710932847692
"Arhgef12",0.00195874446537018
"Zfp551",0.0199646143893888
"Dlg1",-0.0165574308703936
"Micall2",0.00172193209962249
"Dhcr24",0.0018100637932327
"Ulk2",-0.00369076348279479
"Trim41",-0.00830411851847104
"Axin2",-0.00116502006035962
"Ralb",0.0128693871901961
"Gm4944",0.00382033889251144
"Fam173a",-0.00249584426240169
"2810405F17Rik",0.00360553351711256
"Arrdc4",0.0112850772250983
"Plpp6",0.00751896501164915
"Pcmtd1",0.00455519481674989
"Plekha6",0.00702421784617977
"Cdc14a",-0.00432291543138848
"Tmem94",-0.00289269970684924
"Npc1",-0.00221903587582591
"Cep131",0.0101851577059194
"BC030499",-0.00262553145952724
"Gm26867",-0.000101155060496242
"Cc2d2a",-0.00100118129588352
"S1pr4",0.00286105964325892
"Slc4a1ap",0.00755737748028418
"Zfp938",-0.000267017111267722
"Aff1",-0.00255964617228027
"Selm",-0.0105468574161323
"Ncdn",-0.00928667132887626
"Cacnb2",0.0069596441943911
"Dennd1a",-0.00518365077239562
"Olr1",0.00682366546924078
"BC051077",-0.00910129876492735
"Sytl4",2.51678091918954e-07
"N4bp2",-0.0107209578104826
"Rrad",0.00228011287668775
"Unc119b",-0.00443848814657171
"St5",-0.0109135973599457
"Glcci1",-0.00280834370020528
"Sash1",0.0120007177565133
"1500009L16Rik",-0.00205413019249974
"Ppp1r9a",0.00188772996922643
"Map2k7",-0.00905096878625489
"Ctsw",0.00475630233541567
"Nckap1",0.00112760586800268
"Pja1",-0.00746204614531739
"Isoc1",-0.00635377201037542
"Vcl",0.00213012592910532
"Gm14302",-0.00639784735230771
"Nap1l3",0.00743639411231257
"Tnni1",-0.0020359312894637
"Kif21b",0.00184679437564783
"D430042O09Rik",0.00389760865504452
"Cd96",0.007743003656288
"AI467606",-0.00287717544658307
"Frmd8os",0.000174055187811059
"Msl2",-0.000737598211240069
"Arhgap25",0.0049949502973254
"Sik1",0.00832642655545267
"1010001B22Rik",-0.00546398571123984
"Ppm1f",-0.00371308026400897
"F5",-0.00611023846141968
"D930028M14Rik",-0.00714346194276437
"2610037D02Rik",0.00491449369001437
"Ccl12",-0.000825406026661681
"Gm16069",-0.000449712709085978
"Lin52",0.00431894419993988
"Pcdh7",-0.00049347272488185
"St7l",-0.00203674277009839
"Tslp",-0.00683001217465639
"Nsun6",0.00950295819026186
"BC030343",-0.00509247162589472
"Cpne1",-0.00342780934140973
"Gm26850",-0.0105185543748616
"Krba1",-0.0105552701637106
"C920021L13Rik",-0.00171304879481464
"Papss2",-0.0109899568044015
"Cebpe",-0.0156660683467755
"Gm10778",-0.00964680167911636
"6330403N20Rik",0.00338841584875676
"Hist1h2bk",-0.0106361519956024
"Gnb4",-0.0179461205048619
"Gtf2ird2",-0.00952120883563858
"Acss2",0.00288247570031543
"Fbxo32",-0.000805754200244719
"Fbxl19",-0.00602628743424911
"Cdc42bpb",0.0113881181047702
"Smpd1",0.000158293799503427
"Gm16503",0.0144572531165483
"Plekhg3",0.0022329632177472
"Sgip1",-0.00344601611863531
"Rfx8",0.00441221236511838
"1810041H14Rik",0.0145818023880399
"Zfp960",-0.00665628832803733
"Wfs1",-0.00350909298167459
"Pglyrp2",-0.000425176872154235
"Cramp1l",-0.00418170267683684
"Far2",0.00398664804365019
"Klhdc1",0.00364397856673098
"AU022252",0.00855766118410086
"Nav1",-0.000434630798071305
"Pdgfrb",-0.00781028730617892
"Cul7",-0.0060516150413601
"Rai14",-0.00512018110692762
"Camkk1",0.00915165727046674
"Gm43573",0.00416501827149444
"Rgp1",0.000995216135109316
"Mms19",0.0121474832681241
"Fbrs",-0.0109902183961595
"Nxt2",-0.00155165306009318
"Pbld2",-0.00448445162303627
"St7",0.0091683442409397
"Tmub1",-0.000154955503359443
"Slc2a6",-0.000813161519542172
"Prss57",-0.00552325739325428
"Ndn",-0.00579348878101538
"Zbtb40",-0.00415973348252285
"Gm17619",-0.0031038375497117
"Gm15581",0.00461876238914883
"Lpcat3",0.00307335077255237
"Fam3c",0.0114719808769959
"March8",-0.000757468775953759
"I830077J02Rik",0.00244804664618645
"Ahcyl2",0.00806941151679149
"Col2a1",0.006884475244001
"Proser2",-0.00433901054103463
"Tnfaip3",0.006129860841807
"Sun1",-0.00751641609257597
"Frmd4b",0.00581446831774698
"Gls2",-0.0037447178012132
"Nabp1",0.0105260630460004
"Mcemp1",0.00197597104860637
"Aplf",-0.00240728785714218
"Dusp23",-0.0125085843291364
"Ddah2",-0.00943478422022355
"Blk",0.00472541339930968
"F8",-0.00288749893421826
"Cd93",0.00104130925391486
"Cttn",0.00574367631491282
"9130230L23Rik",0.00789353308143895
"Gm15728",-0.00509124554365261
"Pced1b",0.0127160958552944
"Tmem17",0.00104359385965183
"Epm2aip1",-0.00876093501458418
"Ier5l",-0.00662783687225393
"Slco4a1",0.00241414244189934
"Tmem65",0.00225921527854201
"Pfkfb2",0.00456036007081131
"Gucy1a3",-0.0107693377766518
"Mettl21a",-0.00441031266264546
"Ddc",0.00122482509306557
"Hp",0.00537526452515397
"Per1",0.00130558800003007
"Kctd12b",-0.00143061071706822
"Gstt2",0.00644435476653954
"BC043934",-0.0068922493177466
"Espnl",-0.00515108824277057
"Atoh8",0.0116713658835407
"Fance",0.0103574384064922
"Il18rap",0.00676254848762005
"Eaf1",-0.00414089479117941
"Slc4a2",-0.00872696677492616
"Pdss2",0.000247111492465695
"Slc46a3",0.0098219506506753
"Tkfc",-0.00139025374214763
"Dlg4",-0.00323155537130433
"Hdac9",-0.00912353563335025
"Sh2b2",-0.00196011856560107
"G530012D18Rik",-0.00752233610933928
"A930041C12Rik",0.00976765708335278
"Epb42",-0.0131250662022786
"Zfp691",0.00522800940845563
"Smg6",0.00731886004662781
"Glce",-0.00336207973009352
"Cdkn2d",0.00191841869343243
"Gm11998",0.00507128675655082
"Popdc2",-0.00405106605848165
"Smim1",-0.00362062531696378
"Gm13431",0.00346526876420392
"Mapkapk5",0.00454853719784948
"Col5a1",-0.000996854982131157
"Gale",0.00373841242970916
"2200002D01Rik",0.00853929286557073
"Hinfp",-0.00260390451408578
"Rapgef2",-0.00231163467047663
"Mex3a",-0.00458502145323601
"Fancd2",0.00750035564134056
"Atg9a",-0.0104017893672999
"Gm26566",0.00127141377690685
"Rassf8",-0.00448151747548201
"Smug1",0.0121081965837405
"Dek",-0.00249411684467164
"Ermard",0.00746421038055337
"Gm10138",-0.000952309950141322
"Mdc1",-0.000281659320968177
"Lax1",-0.00138832436533831
"Ift80",-0.00137781975206173
"Ppcdc",-0.00359823967848258
"Efcab9",0.00524238981958477
"Cherp",-0.00862316430051065
"Wdr13",-0.00460969022547989
"Cep85l",-0.00294512733489096
"Gsto2",0.00279040818935049
"Cnrip1",-0.0129148667311587
"Gm26882",-0.00340654168207974
"Dyrk1b",-0.00684288708509348
"C330027C09Rik",-0.0122521239913674
"Flot2",0.00254756040185676
"Zkscan17",-0.000105226461079419
"Mical3",0.000134092201528052
"Fubp3",4.81253587824077e-06
"Mc1r",-0.00165421831374184
"Zfp72",-0.00139894774210499
"Dusp19",-0.0040371000836169
"Casp3",0.0107222967693238
"Sh3bgr",-0.00206584253140547
"Elk3",-0.00106393110592824
"Tmem158",0.00766796574091458
"Gm26597",0.00328845380398942
"Cyp39a1",-0.00376464220157891
"Rasl11b",0.00316892709060875
"Simc1",-0.00899637247338089
"2010013B24Rik",0.0025639149823391
"Gm15879",-0.0149019265034929
"Nrp2",-0.00955655813581516
"Kifc5b",-0.0102872612970746
"2410089E03Rik",0.00544202465533065
"Chpf",-0.00232579453906778
"Bcat2",0.0116304319084984
"Fam229b",0.00690109904623703
"Pde4a",-0.00629062969525963
"Arl4c",0.00717323986898538
"Ddx51",0.00556910843826365
"Cdc42ep3",0.00901384152793154
"CAAA01147332.1",-0.0011662719329726
"Jmjd8",0.00463965431377805
"1110004F10Rik",0.00262400600418707
"Slc24a5",-0.00990736720586127
"1700003C15Rik",-0.00856305012570188
"1810012K16Rik",-0.00247096643294323
"Gm26901",0.00519301745851563
"Gp1bb",-0.00837943360321346
"Enkur",-0.00282438285597866
"Gm15241",-0.00191316314395122
"Ddx4",0.00562272979526208
"Gm20045",0.00533204011318638
"Gm28048",-0.00625668506989967
"Pira2",-0.00665450414631131
"Zfp91",0.00466882726398469
"Stard8",0.00147055216871001
"Guca1a",0.00259185523276744
"Ankle2",0.00800659840762562
"Gm16576",-0.00227346582340816
"Fbf1",-0.0135415408960584
"Map9",0.0128039288647367
"Tspan2os",0.00689681417230688
"Retn",0.00409333833921602
"Gm17092",-0.00211587898990705
"Hist1h4n",0.000619780552889658
"Gm11110",0.00296136524673556
"Angptl2",0.00204740262421092
"BC016579",0.00933713029974893
"Cit",-0.0132070026141281
"Frat2",0.00751657406586449
"Zfp689",0.00174868109623114
"3110040N11Rik",0.00934967496705737
"Gm10941",-0.0044576446055282
"Gm14306",0.0193500191660023
"Rnase10",-0.00730920168393674
"Maged2",0.00661067970362505
"Ms4a1",-0.038531982348461
"Pts",-0.00968017771720033
"Spats2",0.00128461005817054
"Asah2",0.00195533542797503
"Clec4f",0.0114074546407848
"Zfp11",-0.00347516572275386
"Egln1",0.00633094427077976
"Rcor1",-0.00813850707477466
"Casc1",-0.00525271665154742
"Cep250",0.00912391923891669
"Acsf3",6.69746533088127e-05
"Thumpd3",0.00157200688732978
"Ap4b1",-0.00224450249054234
"Prkag2",-0.00860845795339828
"Gm43625",0.014040941423028
"2810454H06Rik",-0.0033638566651766
"Lpar1",-0.000388693893037786
"Ddx19b",-0.0125465322891032
"Tspan6",-0.00381819514883064
"St6galnac2",0.00090243434883401
"Dsg2",-0.00202554713042121
"Nup188",-0.00290357930941243
"Slc12a6",-0.0164031252096799
"Gm44067",-0.00147808363463659
"Zbtb6",0.00777916348807953
"Bbs7",-0.00435517861992828
"Mex3c",0.00220190990355008
"Zmat1",0.0071473299355329
"Fgd3",0.00748709686496134
"Ppp1r15a",0.000594168802855812
"Lrp5",0.00523366468886821
"Hcls1",0.00319977901664287
"Rpl7a-ps5",-0.00269629675870827
"Tgfbr3",-0.00589197516773646
"Ppp1r16b",0.00825315783661951
"1700047I17Rik2",0.00302090310680797
"Btd",0.0042512989278177
"Lmtk2",-0.000960099410422347
"Ly96",0.00186613434304237
"B230217O12Rik",0.00782784956453022
"Tox",-0.000960333001075341
"Chd2",0.0164763621262302
"Pbx1",-0.0248799512224176
"Trap1a",0.000318757521602457
"Hmg20b",0.0174215577403143
"Arap2",0.00648394144595151
"Cd7",-0.0192745819063915
"Shcbp1",0.00255419434677859
"Zfp182",0.00103666652738941
"Fam151b",-0.000193896158577106
"Rab20",-0.00331878913098805
"Slc35f5",-0.00689710726111402
"Cd1d2",-0.00707510790002085
"Jrk",-0.00489938172753619
"Phc2",0.0118010553818135
"Thg1l",-0.0105555360672559
"Pde10a",0.00541705600486358
"Ube3b",-0.011739356639822
"Nedd4l",0.00279274646309289
"2510017J16Rik",-0.00952616837598391
"Sesn3",0.0066620333735261
"Slc52a2",0.00503144329787801
"Gm9843",-0.0189440749345086
"C4b",0.00129399704591382
"4930579C12Rik",0.00182277569208002
"Abi3",-0.00828973897381689
"Med12l",-0.00103021298842655
"Rab24",-0.01170861531167
"Hmgcs1",0.00239111177974575
"Maf",0.00261834376860834
"Pik3cd",-0.0107675109561837
"Pde1c",0.0133123285546215
"Map3k3",-0.00139120874359911
"Zfp94",-0.00342328931899304
"Itgb6",0.0152902742814526
"Gga2",0.00428033006182604
"Gm14326",0.00137370019246908
"Rin2",-0.0163286151218242
"Gm20186",0.00978881704804651
"Prdm9",-0.00457154471395479
"Alms1",0.0121097196800691
"P2ry1",-0.0159696404814679
"Gm13051",-0.00238459248755139
"Gm17300",0.00348229536510462
"Btnl9",-0.00392883584569723
"Dpep2",-0.00748288246412573
"Cenpb",0.0150046262487245
"Ntrk3",-0.00935478580721366
"Cep152",-0.00297421178773356
"Ttl",0.00362700559404628
"Pkia",-0.00649536692332986
"Txndc11",0.00456587544134775
"Arhgap19",0.0261909655976898
"Actn1",0.000265576309913916
"Ankrd35",-0.00723681592539381
"Rgs1",-0.0046678562320489
"Dancr-1",-0.00606228494373763
"Pax9",-0.00479582381835289
"Tmem8",-0.00200991375812121
"Uchl4",-0.00606580689722233
"Dnajc14",-0.00373160941390768
"2010107G23Rik",0.00730563886556113
"Gjb3",-0.00186854570762431
"Gm12942",-0.00196974181672278
"Snapc2",-0.00758415036053427
"Hectd2",-0.00119300857386186
"Lztfl1",0.00214510715576868
"Ephb6",0.0115692224159079
"Fes",0.0188320234109438
"Naip2",-0.00150355464121558
"Wdr41",-0.000827584184544848
"Nt5c",0.00279273925145655
"Proser3",-0.00231367737219993
"Fam63b",0.00432560463856526
"A330069E16Rik",0.000989919634369726
"Pole2",0.0165390130763478
"Ccnyl1",0.00329313809755404
"Creb5",0.00285472421148875
"Bex2",0.0118545586963208
"Slc7a14",-0.0144323022420237
"Sptbn4",0.0120648044980915
"Zscan2",0.000652167171157615
"Rgs19",-0.00131936148045177
"Hsd17b1",0.0053391073938135
"Ppp1r18",0.00043462480254814
"Gpx3",0.00305544395955927
"Syne2",0.0152049741181233
"Art4",-0.00166208713287394
"Ccpg1",0.0046968530430039
"Cdpf1",0.00397632359505614
"Snx21",-0.00286446691980522
"Otud3",0.00567505156225741
"Acad12",0.00893803647234251
"BC051142",-0.00407819738905956
"Mettl20",-0.0017677258792827
"Stim2",-0.00330353547091267
"Arhgef18",-0.00686597985881518
"Ahnak2",-0.00434948201045673
"Gapt",0.00548083490229827
"Siglece",0.00898742264441986
"A930033H14Rik",0.00634166862378086
"Tas1r1",0.00129655220420433
"Trf",0.00587144448662003
"Marveld2",0.00570058841312635
"4933424M12Rik",0.00184568177102144
"Rfk",-0.00767562765922798
"Rgag4",-0.00581301698905802
"Rnf208",-0.00349132796283703
"1700026L06Rik",0.000811073455602817
"Ces1d",-0.00388859896545373
"RP24-174G2.4",-0.0100399798407635
"Vwf",-0.00588187250556929
"Mcoln2",0.00993066180481559
"Zfp954",0.00269888661191346
"Rorb",-0.0117080947988006
"Ppp6r2",0.00341154470647503
"Ict1",-0.00857654294163412
"Lrrc75a",0.00547801474309066
"Prss50",-0.00269103082983643
"Ept1",0.00649644784914084
"A930029G22Rik",-0.0112841077204722
"Gm11423",0.00842977742926418
"Ripply3",0.00304573689402898
"Them4",0.00185944397168285
"4930590J08Rik",-0.00231643550517352
"AA415398",0.000907453363700428
"Msh5",0.000978588679115343
"Hoxa5",-0.00393551060235957
"Avl9",-0.0142746447314322
"A930024E05Rik",0.00445424016695805
"Hist1h2ao",-0.00659372386283551
"Klf11",-0.00570782101581161
"Fam20c",0.00183314479836922
"Gm9797",-0.00532745074166712
"Gclc",-0.00377713751561713
"Jmjd7",-0.00252245668803148
"Ankrd27",0.00351327663928298
"Cd3e",-0.132939803706109
"Nfx1",0.00419537663964816
"Pctp",-0.000448784073050701
"2010005H15Rik",-0.00669982349528917
"Cenpu",0.00172740651760797
"Rhbdl3",0.00462769726132833
"Sfmbt2",-0.0134087864861024
"Ccdc68",0.0122346426122462
"Cpsf1",0.00453446498847592
"Arvcf",-0.00409579718576396
"Serinc5",-0.00357197325070126
"Taz",-7.06636719847142e-05
"Nab1",-0.000550264840042178
"Arpin",0.0102785851925764
"Gm14399",0.00396355369407826
"Parm1",0.0143622758492857
"Igsf9",0.00354049069084941
"Tmem9b",-0.00246703159698453
"Rltpr",-0.00196148080673569
"Prss16",-0.00985303114523108
"Clic5",-0.0055160766890604
"Cep164",-0.00232546145011854
"Eid2",0.000321929921789465
"Smtn",-0.00648368222131521
